Salesman,User,TimeStamp,Product,Service,Response
Salesman,User,TimeStamp,Product,Service,Response
Salesman,User,TimeStamp,Product,Service,Response
Salesman,User,TimeStamp,Product,Service,Response
Salesman,User,TimeStamp,Product,Service,Response
Salesman,User,TimeStamp,Product,Service,Response
Salesman,User,TimeStamp,Product,Service,Response
Salesman,User,TimeStamp,Product,Service,Response
Salesman,User,TimeStamp,Product,Service,Response
Salesman,User,TimeStamp,Product,Service,Response
Salesman,User,TimeStamp,Product,Service,Response
Salesman,User,TimeStamp,Product,Service,Response
Salesman,User,TimeStamp,Product,Service,Response
Salesman,User,TimeStamp,Product,Service,Response
Salesman,User,TimeStamp,Product,Service,Response
Salesman,User,TimeStamp,Product,Service,Response
Salesman,User,TimeStamp,Product,Service,Response
Salesman,User,TimeStamp,Product,Service,Response
Salesman,User,TimeStamp,Product,Service,Response
Salesman,User,TimeStamp,Product,Service,Response
Salesman,User,TimeStamp,Product,Service,Response
Salesman,User,TimeStamp,Product,Service,Response
Salesman,User,TimeStamp,Product,Service,Response
Salesman,User,TimeStamp,Product,Service,Response
Salesman,User,TimeStamp,Product,Service,Response
Salesman,User,TimeStamp,Product,Service,Response
Salesman,User,TimeStamp,Product,Service,Response
Salesman,User,TimeStamp,Product,Service,Response
Salesman,User,TimeStamp,Product,Service,Response
Salesman,User,TimeStamp,Product,Service,Response
Salesman,User,TimeStamp,Product,Service,Response
Salesman,User,TimeStamp,Product,Service,Response
Salesman,User,TimeStamp,Product,Service,Response
Salesman,User,TimeStamp,Product,Service,Response
Salesman,User,TimeStamp,Product,Service,Response
Salesman,User,TimeStamp,Product,Service,Response
Salesman,User,TimeStamp,Product,Service,Response
Salesman,User,TimeStamp,Product,Service,Response
Salesman,User,TimeStamp,Product,Service,Response
Salesman,User,TimeStamp,Product,Service,Response
Salesman,User,TimeStamp,Product,Service,Response
Salesman,User,TimeStamp,Product,Service,Response
Salesman,User,TimeStamp,Product,Service,Response
Salesman,User,TimeStamp,Product,Service,Response
Salesman,User,TimeStamp,Product,Service,Response
Salesman,User,TimeStamp,Product,Service,Response
Salesman,User,TimeStamp,Product,Service,Response
Salesman,User,TimeStamp,Product,Service,Response
Salesman,User,TimeStamp,Product,Service,Response
Salesman,User,TimeStamp,Product,Service,Response
Salesman,User,TimeStamp,Product,Service,Response
Salesman,User,TimeStamp,Product,Service,Response
Salesman,User,TimeStamp,Product,Service,Response
Salesman,User,TimeStamp,Product,Service,Response
Salesman,User,TimeStamp,Product,Service,Response
Salesman,User,TimeStamp,Product,Service,Response
Salesman,User,TimeStamp,Product,Service,Response
Salesman,User,TimeStamp,Product,Service,Response
Salesman,User,TimeStamp,Product,Service,Response
Salesman,User,TimeStamp,Product,Service,Response
Salesman,User,TimeStamp,Product,Service,Response
Salesman,User,TimeStamp,Product,Service,Response
Salesman,User,TimeStamp,Product,Service,Response
Salesman,User,TimeStamp,Product,Service,Response
Salesman,User,TimeStamp,Product,Service,Response
Salesman,User,TimeStamp,Product,Service,Response
Salesman,User,TimeStamp,Product,Service,Response
Salesman,User,TimeStamp,Product,Service,Response
Salesman,User,TimeStamp,Product,Service,Response
Salesman,User,TimeStamp,Product,Service,Response
Salesman,User,TimeStamp,Product,Service,Response
Salesman,User,TimeStamp,Product,Service,Response
Salesman,User,TimeStamp,Product,Service,Response
Salesman,User,TimeStamp,Product,Service,Response
Salesman,User,TimeStamp,Product,Service,Response
Salesman,User,TimeStamp,Product,Service,Response
Salesman,User,TimeStamp,Product,Service,Response
Salesman,User,TimeStamp,Product,Service,Response
Salesman,User,TimeStamp,Product,Service,Response
Salesman,User,TimeStamp,Product,Service,Response
Salesman,User,TimeStamp,Product,Service,Response
Salesman,User,TimeStamp,Product,Service,Response
Salesman,User,TimeStamp,Product,Service,Response
Salesman,User,TimeStamp,Product,Service,Response
Salesman,User,TimeStamp,Product,Service,Response
Salesman,User,TimeStamp,Product,Service,Response
Salesman,User,TimeStamp,Product,Service,Response
Salesman,User,TimeStamp,Product,Service,Response
Salesman,User,TimeStamp,Product,Service,Response
Salesman,User,TimeStamp,Product,Service,Response
Salesman,User,TimeStamp,Product,Service,Response
Salesman,User,TimeStamp,Product,Service,Response
Salesman,User,TimeStamp,Product,Service,Response
Salesman,User,TimeStamp,Product,Service,Response
Salesman,User,TimeStamp,Product,Service,Response
Salesman,User,TimeStamp,Product,Service,Response
Salesman,User,TimeStamp,Product,Service,Response
Salesman,User,TimeStamp,Product,Service,Response
Salesman,User,TimeStamp,Product,Service,Response
Salesman,User,TimeStamp,Product,Service,Response
Salesman,User,TimeStamp,Product,Service,Response
Salesman,User,TimeStamp,Product,Service,Response
Salesman,User,TimeStamp,Product,Service,Response
Salesman,User,TimeStamp,Product,Service,Response
Salesman,User,TimeStamp,Product,Service,Response
Salesman,User,TimeStamp,Product,Service,Response
Salesman,User,TimeStamp,Product,Service,Response
Salesman,User,TimeStamp,Product,Service,Response
Salesman,User,TimeStamp,Product,Service,Response
Salesman,User,TimeStamp,Product,Service,Response
Salesman,User,TimeStamp,Product,Service,Response
Salesman,User,TimeStamp,Product,Service,Response
Salesman,User,TimeStamp,Product,Service,Response
Salesman,User,TimeStamp,Product,Service,Response
Salesman,User,TimeStamp,Product,Service,Response
Salesman,User,TimeStamp,Product,Service,Response
Salesman,User,TimeStamp,Product,Service,Response
Salesman,User,TimeStamp,Product,Service,Response
Salesman,User,TimeStamp,Product,Service,Response
Salesman,User,TimeStamp,Product,Service,Response
Salesman,User,TimeStamp,Product,Service,Response
Salesman,User,TimeStamp,Product,Service,Response
Salesman,User,TimeStamp,Product,Service,Response
Salesman,User,TimeStamp,Product,Service,Response
Salesman,User,TimeStamp,Product,Service,Response
Salesman,User,TimeStamp,Product,Service,Response
Salesman,User,TimeStamp,Product,Service,Response
Salesman,User,TimeStamp,Product,Service,Response
Salesman,User,TimeStamp,Product,Service,Response
Salesman,User,TimeStamp,Product,Service,Response
Salesman,User,TimeStamp,Product,Service,Response
Salesman,User,TimeStamp,Product,Service,Response
Salesman,User,TimeStamp,Product,Service,Response
Salesman,User,TimeStamp,Product,Service,Response
Salesman,User,TimeStamp,Product,Service,Response
Salesman,User,TimeStamp,Product,Service,Response
Salesman,User,TimeStamp,Product,Service,Response
Salesman,User,TimeStamp,Product,Service,Response
Salesman,User,TimeStamp,Product,Service,Response
Salesman,User,TimeStamp,Product,Service,Response
Salesman,User,TimeStamp,Product,Service,Response
Salesman,User,TimeStamp,Product,Service,Response
Salesman,User,TimeStamp,Product,Service,Response
Salesman,User,TimeStamp,Product,Service,Response
Salesman,User,TimeStamp,Product,Service,Response
Salesman,User,TimeStamp,Product,Service,Response
Salesman,User,TimeStamp,Product,Service,Response
Salesman,User,TimeStamp,Product,Service,Response
Salesman,User,TimeStamp,Product,Service,Response
Salesman,User,TimeStamp,Product,Service,Response
Salesman,User,TimeStamp,Product,Service,Response
Salesman,User,TimeStamp,Product,Service,Response
Salesman,User,TimeStamp,Product,Service,Response
Salesman,User,TimeStamp,Product,Service,Response
Salesman,User,TimeStamp,Product,Service,Response
Salesman,User,TimeStamp,Product,Service,Response
Salesman,User,TimeStamp,Product,Service,Response
Salesman,User,TimeStamp,Product,Service,Response
Salesman,User,TimeStamp,Product,Service,Response
Salesman,User,TimeStamp,Product,Service,Response
Salesman,User,TimeStamp,Product,Service,Response
Salesman,User,TimeStamp,Product,Service,Response
Salesman,User,TimeStamp,Product,Service,Response
Salesman,User,TimeStamp,Product,Service,Response
Salesman,User,TimeStamp,Product,Service,Response
Salesman,User,TimeStamp,Product,Service,Response
Salesman,User,TimeStamp,Product,Service,Response
Salesman,User,TimeStamp,Product,Service,Response
Salesman,User,TimeStamp,Product,Service,Response
Salesman,User,TimeStamp,Product,Service,Response
Salesman,User,TimeStamp,Product,Service,Response
Salesman,User,TimeStamp,Product,Service,Response
Salesman,User,TimeStamp,Product,Service,Response
Salesman,User,TimeStamp,Product,Service,Response
Salesman,User,TimeStamp,Product,Service,Response
Salesman,User,TimeStamp,Product,Service,Response
Salesman,User,TimeStamp,Product,Service,Response
Salesman,User,TimeStamp,Product,Service,Response
Salesman,User,TimeStamp,Product,Service,Response
Salesman,User,TimeStamp,Product,Service,Response
Salesman,User,TimeStamp,Product,Service,Response
Salesman,User,TimeStamp,Product,Service,Response
Salesman,User,TimeStamp,Product,Service,Response
Salesman,User,TimeStamp,Product,Service,Response
Salesman,User,TimeStamp,Product,Service,Response
Salesman,User,TimeStamp,Product,Service,Response
Salesman,User,TimeStamp,Product,Service,Response
Salesman,User,TimeStamp,Product,Service,Response
Salesman,User,TimeStamp,Product,Service,Response
Salesman,User,TimeStamp,Product,Service,Response
Salesman,User,TimeStamp,Product,Service,Response
Salesman,User,TimeStamp,Product,Service,Response
Salesman,User,TimeStamp,Product,Service,Response
Salesman,User,TimeStamp,Product,Service,Response
Salesman,User,TimeStamp,Product,Service,Response
Salesman,User,TimeStamp,Product,Service,Response
Salesman,User,TimeStamp,Product,Service,Response
Salesman,User,TimeStamp,Product,Service,Response
Salesman,User,TimeStamp,Product,Service,Response
Salesman,User,TimeStamp,Product,Service,Response
Salesman,User,TimeStamp,Product,Service,Response
Salesman,User,TimeStamp,Product,Service,Response
Salesman,User,TimeStamp,Product,Service,Response
Salesman,User,TimeStamp,Product,Service,Response
Salesman,User,TimeStamp,Product,Service,Response
Salesman,User,TimeStamp,Product,Service,Response
Salesman,User,TimeStamp,Product,Service,Response
Salesman,User,TimeStamp,Product,Service,Response
Salesman,User,TimeStamp,Product,Service,Response
Salesman,User,TimeStamp,Product,Service,Response
Salesman,User,TimeStamp,Product,Service,Response
Salesman,User,TimeStamp,Product,Service,Response
Salesman,User,TimeStamp,Product,Service,Response
Salesman,User,TimeStamp,Product,Service,Response
Salesman,User,TimeStamp,Product,Service,Response
Salesman,User,TimeStamp,Product,Service,Response
Salesman,User,TimeStamp,Product,Service,Response
Salesman,User,TimeStamp,Product,Service,Response
Salesman,User,TimeStamp,Product,Service,Response
Salesman,User,TimeStamp,Product,Service,Response
Salesman,User,TimeStamp,Product,Service,Response
Salesman,User,TimeStamp,Product,Service,Response
Salesman,User,TimeStamp,Product,Service,Response
Salesman,User,TimeStamp,Product,Service,Response
Salesman,User,TimeStamp,Product,Service,Response
Salesman,User,TimeStamp,Product,Service,Response
Salesman,User,TimeStamp,Product,Service,Response
Salesman,User,TimeStamp,Product,Service,Response
Salesman,User,TimeStamp,Product,Service,Response
Salesman,User,TimeStamp,Product,Service,Response
Salesman,User,TimeStamp,Product,Service,Response
Salesman,User,TimeStamp,Product,Service,Response
Salesman,User,TimeStamp,Product,Service,Response
Salesman,User,TimeStamp,Product,Service,Response
Salesman,User,TimeStamp,Product,Service,Response
Salesman,User,TimeStamp,Product,Service,Response
Salesman,User,TimeStamp,Product,Service,Response
Salesman,User,TimeStamp,Product,Service,Response
Salesman,User,TimeStamp,Product,Service,Response
Salesman,User,TimeStamp,Product,Service,Response
Salesman,User,TimeStamp,Product,Service,Response
Salesman,User,TimeStamp,Product,Service,Response
Salesman,User,TimeStamp,Product,Service,Response
Salesman,User,TimeStamp,Product,Service,Response
Salesman,User,TimeStamp,Product,Service,Response
Salesman,User,TimeStamp,Product,Service,Response
Salesman,User,TimeStamp,Product,Service,Response
Salesman,User,TimeStamp,Product,Service,Response
Salesman,User,TimeStamp,Product,Service,Response
Salesman,User,TimeStamp,Product,Service,Response
Salesman,User,TimeStamp,Product,Service,Response
Salesman,User,TimeStamp,Product,Service,Response
Salesman,User,TimeStamp,Product,Service,Response
Salesman,User,TimeStamp,Product,Service,Response
Salesman,User,TimeStamp,Product,Service,Response
Salesman,User,TimeStamp,Product,Service,Response
Salesman,User,TimeStamp,Product,Service,Response
Salesman,User,TimeStamp,Product,Service,Response
Salesman,User,TimeStamp,Product,Service,Response
Salesman,User,TimeStamp,Product,Service,Response
Salesman,User,TimeStamp,Product,Service,Response
Salesman,User,TimeStamp,Product,Service,Response
Salesman,User,TimeStamp,Product,Service,Response
Salesman,User,TimeStamp,Product,Service,Response
Salesman,User,TimeStamp,Product,Service,Response
Salesman,User,TimeStamp,Product,Service,Response
Salesman,User,TimeStamp,Product,Service,Response
Salesman,User,TimeStamp,Product,Service,Response
Salesman,User,TimeStamp,Product,Service,Response
Salesman,User,TimeStamp,Product,Service,Response
Salesman,User,TimeStamp,Product,Service,Response
Salesman,User,TimeStamp,Product,Service,Response
Salesman,User,TimeStamp,Product,Service,Response
Salesman,User,TimeStamp,Product,Service,Response
Salesman,User,TimeStamp,Product,Service,Response
Salesman,User,TimeStamp,Product,Service,Response
Salesman,User,TimeStamp,Product,Service,Response
Salesman,User,TimeStamp,Product,Service,Response
Salesman,User,TimeStamp,Product,Service,Response
Salesman,User,TimeStamp,Product,Service,Response
Salesman,User,TimeStamp,Product,Service,Response
Salesman,User,TimeStamp,Product,Service,Response
Salesman,User,TimeStamp,Product,Service,Response
Salesman,User,TimeStamp,Product,Service,Response
Salesman,User,TimeStamp,Product,Service,Response
Salesman,User,TimeStamp,Product,Service,Response
Salesman,User,TimeStamp,Product,Service,Response
Salesman,User,TimeStamp,Product,Service,Response
Salesman,User,TimeStamp,Product,Service,Response
Salesman,User,TimeStamp,Product,Service,Response
Salesman,User,TimeStamp,Product,Service,Response
Salesman,User,TimeStamp,Product,Service,Response
Salesman,User,TimeStamp,Product,Service,Response
Salesman,User,TimeStamp,Product,Service,Response
Salesman,User,TimeStamp,Product,Service,Response
Salesman,User,TimeStamp,Product,Service,Response
Salesman,User,TimeStamp,Product,Service,Response
Salesman,User,TimeStamp,Product,Service,Response
Salesman,User,TimeStamp,Product,Service,Response
Salesman,User,TimeStamp,Product,Service,Response
Salesman,User,TimeStamp,Product,Service,Response
Salesman,User,TimeStamp,Product,Service,Response
Salesman,User,TimeStamp,Product,Service,Response
Salesman,User,TimeStamp,Product,Service,Response
Salesman,User,TimeStamp,Product,Service,Response
Salesman,User,TimeStamp,Product,Service,Response
Salesman,User,TimeStamp,Product,Service,Response
Salesman,User,TimeStamp,Product,Service,Response
Salesman,User,TimeStamp,Product,Service,Response
Salesman,User,TimeStamp,Product,Service,Response
Salesman,User,TimeStamp,Product,Service,Response
Salesman,User,TimeStamp,Product,Service,Response
Salesman,User,TimeStamp,Product,Service,Response
Salesman,User,TimeStamp,Product,Service,Response
Salesman,User,TimeStamp,Product,Service,Response
Salesman,User,TimeStamp,Product,Service,Response
Salesman,User,TimeStamp,Product,Service,Response
Salesman,User,TimeStamp,Product,Service,Response
Salesman,User,TimeStamp,Product,Service,Response
Salesman,User,TimeStamp,Product,Service,Response
Salesman,User,TimeStamp,Product,Service,Response
Salesman,User,TimeStamp,Product,Service,Response
Salesman,User,TimeStamp,Product,Service,Response
Salesman,User,TimeStamp,Product,Service,Response
Salesman,User,TimeStamp,Product,Service,Response
Salesman,User,TimeStamp,Product,Service,Response
Salesman,User,TimeStamp,Product,Service,Response
Salesman,User,TimeStamp,Product,Service,Response
Salesman,User,TimeStamp,Product,Service,Response
Salesman,User,TimeStamp,Product,Service,Response
Salesman,User,TimeStamp,Product,Service,Response
Salesman,User,TimeStamp,Product,Service,Response
Salesman,User,TimeStamp,Product,Service,Response
Salesman,User,TimeStamp,Product,Service,Response
Salesman,User,TimeStamp,Product,Service,Response
Salesman,User,TimeStamp,Product,Service,Response
Salesman,User,TimeStamp,Product,Service,Response
Salesman,User,TimeStamp,Product,Service,Response
Salesman,User,TimeStamp,Product,Service,Response
Salesman,User,TimeStamp,Product,Service,Response
Salesman,User,TimeStamp,Product,Service,Response
Salesman,User,TimeStamp,Product,Service,Response
Salesman,User,TimeStamp,Product,Service,Response
Salesman,User,TimeStamp,Product,Service,Response
Salesman,User,TimeStamp,Product,Service,Response
Salesman,User,TimeStamp,Product,Service,Response
Salesman,User,TimeStamp,Product,Service,Response
Salesman,User,TimeStamp,Product,Service,Response
Salesman,User,TimeStamp,Product,Service,Response
Salesman,User,TimeStamp,Product,Service,Response
Salesman,User,TimeStamp,Product,Service,Response
Salesman,User,TimeStamp,Product,Service,Response
Salesman,User,TimeStamp,Product,Service,Response
Salesman,User,TimeStamp,Product,Service,Response
Salesman,User,TimeStamp,Product,Service,Response
Salesman,User,TimeStamp,Product,Service,Response
Salesman,User,TimeStamp,Product,Service,Response
Salesman,User,TimeStamp,Product,Service,Response
Salesman,User,TimeStamp,Product,Service,Response
Salesman,User,TimeStamp,Product,Service,Response
Salesman,User,TimeStamp,Product,Service,Response
Salesman,User,TimeStamp,Product,Service,Response
Salesman,User,TimeStamp,Product,Service,Response
Salesman,User,TimeStamp,Product,Service,Response
Salesman,User,TimeStamp,Product,Service,Response
Salesman,User,TimeStamp,Product,Service,Response
Salesman,User,TimeStamp,Product,Service,Response
Salesman,User,TimeStamp,Product,Service,Response
Salesman,User,TimeStamp,Product,Service,Response
Salesman,User,TimeStamp,Product,Service,Response
Salesman,User,TimeStamp,Product,Service,Response
Salesman,User,TimeStamp,Product,Service,Response
Salesman,User,TimeStamp,Product,Service,Response
Salesman,User,TimeStamp,Product,Service,Response
Salesman,User,TimeStamp,Product,Service,Response
Salesman,User,TimeStamp,Product,Service,Response
Salesman,User,TimeStamp,Product,Service,Response
Salesman,User,TimeStamp,Product,Service,Response
Salesman,User,TimeStamp,Product,Service,Response
Salesman,User,TimeStamp,Product,Service,Response
Salesman,User,TimeStamp,Product,Service,Response
Salesman,User,TimeStamp,Product,Service,Response
Salesman,User,TimeStamp,Product,Service,Response
Salesman,User,TimeStamp,Product,Service,Response
Salesman,User,TimeStamp,Product,Service,Response
Salesman,User,TimeStamp,Product,Service,Response
Salesman,User,TimeStamp,Product,Service,Response
Salesman,User,TimeStamp,Product,Service,Response
Salesman,User,TimeStamp,Product,Service,Response
Salesman,User,TimeStamp,Product,Service,Response
Salesman,User,TimeStamp,Product,Service,Response
Salesman,User,TimeStamp,Product,Service,Response
Salesman,User,TimeStamp,Product,Service,Response
Salesman,User,TimeStamp,Product,Service,Response
Salesman,User,TimeStamp,Product,Service,Response
Salesman,User,TimeStamp,Product,Service,Response
Salesman,User,TimeStamp,Product,Service,Response
Salesman,User,TimeStamp,Product,Service,Response
Salesman,User,TimeStamp,Product,Service,Response
Salesman,User,TimeStamp,Product,Service,Response
Salesman,User,TimeStamp,Product,Service,Response
Salesman,User,TimeStamp,Product,Service,Response
Salesman,User,TimeStamp,Product,Service,Response
Salesman,User,TimeStamp,Product,Service,Response
Salesman,User,TimeStamp,Product,Service,Response
Salesman,User,TimeStamp,Product,Service,Response
Salesman,User,TimeStamp,Product,Service,Response
Salesman,User,TimeStamp,Product,Service,Response
Salesman,User,TimeStamp,Product,Service,Response
Salesman,User,TimeStamp,Product,Service,Response
Salesman,User,TimeStamp,Product,Service,Response
Salesman,User,TimeStamp,Product,Service,Response
Salesman,User,TimeStamp,Product,Service,Response
Salesman,User,TimeStamp,Product,Service,Response
Salesman,User,TimeStamp,Product,Service,Response
Salesman,User,TimeStamp,Product,Service,Response
Salesman,User,TimeStamp,Product,Service,Response
Salesman,User,TimeStamp,Product,Service,Response
Salesman,User,TimeStamp,Product,Service,Response
Salesman,User,TimeStamp,Product,Service,Response
Salesman,User,TimeStamp,Product,Service,Response
Salesman,User,TimeStamp,Product,Service,Response
Salesman,User,TimeStamp,Product,Service,Response
Salesman,User,TimeStamp,Product,Service,Response
Salesman,User,TimeStamp,Product,Service,Response
Salesman,User,TimeStamp,Product,Service,Response
Salesman,User,TimeStamp,Product,Service,Response
Salesman,User,TimeStamp,Product,Service,Response
Salesman,User,TimeStamp,Product,Service,Response
Salesman,User,TimeStamp,Product,Service,Response
Salesman,User,TimeStamp,Product,Service,Response
Salesman,User,TimeStamp,Product,Service,Response
Salesman,User,TimeStamp,Product,Service,Response
Salesman,User,TimeStamp,Product,Service,Response
Salesman,User,TimeStamp,Product,Service,Response
Salesman,User,TimeStamp,Product,Service,Response
Salesman,User,TimeStamp,Product,Service,Response
Salesman,User,TimeStamp,Product,Service,Response
Salesman,User,TimeStamp,Product,Service,Response
Salesman,User,TimeStamp,Product,Service,Response
Salesman,User,TimeStamp,Product,Service,Response
Salesman,User,TimeStamp,Product,Service,Response
Salesman,User,TimeStamp,Product,Service,Response
Salesman,User,TimeStamp,Product,Service,Response
Salesman,User,TimeStamp,Product,Service,Response
Salesman,User,TimeStamp,Product,Service,Response
Salesman,User,TimeStamp,Product,Service,Response
Salesman,User,TimeStamp,Product,Service,Response
Salesman,User,TimeStamp,Product,Service,Response
Salesman,User,TimeStamp,Product,Service,Response
Salesman,User,TimeStamp,Product,Service,Response
Salesman,User,TimeStamp,Product,Service,Response
Salesman,User,TimeStamp,Product,Service,Response
Salesman,User,TimeStamp,Product,Service,Response
Salesman,User,TimeStamp,Product,Service,Response
Salesman,User,TimeStamp,Product,Service,Response
Salesman,User,TimeStamp,Product,Service,Response
Salesman,User,TimeStamp,Product,Service,Response
Salesman,User,TimeStamp,Product,Service,Response
Salesman,User,TimeStamp,Product,Service,Response
Salesman,User,TimeStamp,Product,Service,Response
Salesman,User,TimeStamp,Product,Service,Response
Salesman,User,TimeStamp,Product,Service,Response
Salesman,User,TimeStamp,Product,Service,Response
Salesman,User,TimeStamp,Product,Service,Response
Salesman,User,TimeStamp,Product,Service,Response
Salesman,User,TimeStamp,Product,Service,Response
Salesman,User,TimeStamp,Product,Service,Response
Salesman,User,TimeStamp,Product,Service,Response
Salesman,User,TimeStamp,Product,Service,Response
Salesman,User,TimeStamp,Product,Service,Response
Salesman,User,TimeStamp,Product,Service,Response
Salesman,User,TimeStamp,Product,Service,Response
Salesman,User,TimeStamp,Product,Service,Response
Salesman,User,TimeStamp,Product,Service,Response
Salesman,User,TimeStamp,Product,Service,Response
Salesman,User,TimeStamp,Product,Service,Response
Salesman,User,TimeStamp,Product,Service,Response
Salesman,User,TimeStamp,Product,Service,Response
Salesman,User,TimeStamp,Product,Service,Response
Salesman,User,TimeStamp,Product,Service,Response
Salesman,User,TimeStamp,Product,Service,Response
Salesman,User,TimeStamp,Product,Service,Response
Salesman,User,TimeStamp,Product,Service,Response
Salesman,User,TimeStamp,Product,Service,Response
Salesman,User,TimeStamp,Product,Service,Response
Salesman,User,TimeStamp,Product,Service,Response
Salesman,User,TimeStamp,Product,Service,Response
Salesman,User,TimeStamp,Product,Service,Response
Salesman,User,TimeStamp,Product,Service,Response
Salesman,User,TimeStamp,Product,Service,Response
Salesman,User,TimeStamp,Product,Service,Response
Salesman,User,TimeStamp,Product,Service,Response
Salesman,User,TimeStamp,Product,Service,Response
Salesman,User,TimeStamp,Product,Service,Response
Salesman,User,TimeStamp,Product,Service,Response
Salesman,User,TimeStamp,Product,Service,Response
Salesman,User,TimeStamp,Product,Service,Response
Salesman,User,TimeStamp,Product,Service,Response
Salesman,User,TimeStamp,Product,Service,Response
Salesman,User,TimeStamp,Product,Service,Response
Salesman,User,TimeStamp,Product,Service,Response
Salesman,User,TimeStamp,Product,Service,Response
Salesman,User,TimeStamp,Product,Service,Response
Salesman,User,TimeStamp,Product,Service,Response
Salesman,User,TimeStamp,Product,Service,Response
Salesman,User,TimeStamp,Product,Service,Response
Salesman,User,TimeStamp,Product,Service,Response
Salesman,User,TimeStamp,Product,Service,Response
Salesman,User,TimeStamp,Product,Service,Response
Salesman,User,TimeStamp,Product,Service,Response
Salesman,User,TimeStamp,Product,Service,Response
Salesman,User,TimeStamp,Product,Service,Response
Salesman,User,TimeStamp,Product,Service,Response
Salesman,User,TimeStamp,Product,Service,Response
Salesman,User,TimeStamp,Product,Service,Response
Salesman,User,TimeStamp,Product,Service,Response
Salesman,User,TimeStamp,Product,Service,Response
Salesman,User,TimeStamp,Product,Service,Response
Salesman,User,TimeStamp,Product,Service,Response
Salesman,User,TimeStamp,Product,Service,Response
Salesman,User,TimeStamp,Product,Service,Response
Salesman,User,TimeStamp,Product,Service,Response
Salesman,User,TimeStamp,Product,Service,Response
Salesman,User,TimeStamp,Product,Service,Response
Salesman,User,TimeStamp,Product,Service,Response
Salesman,User,TimeStamp,Product,Service,Response
Salesman,User,TimeStamp,Product,Service,Response
Salesman,User,TimeStamp,Product,Service,Response
Salesman,User,TimeStamp,Product,Service,Response
Salesman,User,TimeStamp,Product,Service,Response
Salesman,User,TimeStamp,Product,Service,Response
Salesman,User,TimeStamp,Product,Service,Response
Salesman,User,TimeStamp,Product,Service,Response
Salesman,User,TimeStamp,Product,Service,Response
Salesman,User,TimeStamp,Product,Service,Response
Salesman,User,TimeStamp,Product,Service,Response
Salesman,User,TimeStamp,Product,Service,Response
Salesman,User,TimeStamp,Product,Service,Response
Salesman,User,TimeStamp,Product,Service,Response
Salesman,User,TimeStamp,Product,Service,Response
Salesman,User,TimeStamp,Product,Service,Response
Salesman,User,TimeStamp,Product,Service,Response
Salesman,User,TimeStamp,Product,Service,Response
Salesman,User,TimeStamp,Product,Service,Response
Salesman,User,TimeStamp,Product,Service,Response
Salesman,User,TimeStamp,Product,Service,Response
Salesman,User,TimeStamp,Product,Service,Response
Salesman,User,TimeStamp,Product,Service,Response
Salesman,User,TimeStamp,Product,Service,Response
Salesman,User,TimeStamp,Product,Service,Response
Salesman,User,TimeStamp,Product,Service,Response
Salesman,User,TimeStamp,Product,Service,Response
Salesman,User,TimeStamp,Product,Service,Response
Salesman,User,TimeStamp,Product,Service,Response
Salesman,User,TimeStamp,Product,Service,Response
Salesman,User,TimeStamp,Product,Service,Response
Salesman,User,TimeStamp,Product,Service,Response
Salesman,User,TimeStamp,Product,Service,Response
Salesman,User,TimeStamp,Product,Service,Response
Salesman,User,TimeStamp,Product,Service,Response
Salesman,User,TimeStamp,Product,Service,Response
Salesman,User,TimeStamp,Product,Service,Response
Salesman,User,TimeStamp,Product,Service,Response
Salesman,User,TimeStamp,Product,Service,Response
Salesman,User,TimeStamp,Product,Service,Response
Salesman,User,TimeStamp,Product,Service,Response
Salesman,User,TimeStamp,Product,Service,Response
Salesman,User,TimeStamp,Product,Service,Response
Salesman,User,TimeStamp,Product,Service,Response
Salesman,User,TimeStamp,Product,Service,Response
Salesman,User,TimeStamp,Product,Service,Response
Salesman,User,TimeStamp,Product,Service,Response
Salesman,User,TimeStamp,Product,Service,Response
Salesman,User,TimeStamp,Product,Service,Response
Salesman,User,TimeStamp,Product,Service,Response
Salesman,User,TimeStamp,Product,Service,Response
Salesman,User,TimeStamp,Product,Service,Response
Salesman,User,TimeStamp,Product,Service,Response
Salesman,User,TimeStamp,Product,Service,Response
Salesman,User,TimeStamp,Product,Service,Response
Salesman,User,TimeStamp,Product,Service,Response
Salesman,User,TimeStamp,Product,Service,Response
Salesman,User,TimeStamp,Product,Service,Response
Salesman,User,TimeStamp,Product,Service,Response
Salesman,User,TimeStamp,Product,Service,Response
Salesman,User,TimeStamp,Product,Service,Response
Salesman,User,TimeStamp,Product,Service,Response
Salesman,User,TimeStamp,Product,Service,Response
Salesman,User,TimeStamp,Product,Service,Response
Salesman,User,TimeStamp,Product,Service,Response
Salesman,User,TimeStamp,Product,Service,Response
Salesman,User,TimeStamp,Product,Service,Response
Salesman,User,TimeStamp,Product,Service,Response
Salesman,User,TimeStamp,Product,Service,Response
Salesman,User,TimeStamp,Product,Service,Response
Salesman,User,TimeStamp,Product,Service,Response
Salesman,User,TimeStamp,Product,Service,Response
Salesman,User,TimeStamp,Product,Service,Response
Salesman,User,TimeStamp,Product,Service,Response
Salesman,User,TimeStamp,Product,Service,Response
